{"success":true,"timestamp":1679484003,"source":"USD","quotes":{"USDAED":3.672455,"USDAFN":87.021059,"USDALL":105.946748,"USDAMD":389.646535,"USDANG":1.802208,"USDAOA":504.800987,"USDARS":205.020703,"USDAUD":1.493295,"USDAWG":1.8,"USDAZN":1.700129,"USDBAM":1.814454,"USDBBD":2.003525,"USDBDT":107.00436,"USDBGN":1.813185,"USDBHD":0.377089,"USDBIF":2079.653407,"USDBMD":1,"USDBND":1.33564,"USDBOB":6.905093,"USDBRL":5.2454,"USDBSD":1,"USDBTC":0.000035445302,"USDBTN":82.602444,"USDBWP":13.315459,"USDBYN":2.523993,"USDBYR":19600,"USDBZD":2.00488,"USDCAD":1.370215,"USDCDF":2051.999827,"USDCHF":0.922203,"USDCLF":0.029727,"USDCLP":820.250138,"USDCNY":6.884201,"USDCOP":4813.43,"USDCRC":540.021523,"USDCUC":1,"USDCUP":26.5,"USDCVE":102.299821,"USDCZK":21.974022,"USDDJF":177.720009,"USDDKK":6.89862,"USDDOP":54.790708,"USDDZD":135.851992,"USDEGP":30.948899,"USDERN":15,"USDETB":53.846739,"USDEUR":0.92635,"USDFJD":2.212451,"USDFKP":0.820009,"USDGBP":0.81398,"USDGEL":2.575017,"USDGGP":0.820009,"USDGHS":12.299842,"USDGIP":0.820009,"USDGMD":61.499838,"USDGNF":8603.686764,"USDGTQ":7.798497,"USDGYD":210.993599,"USDHKD":7.848435,"USDHNL":24.662999,"USDHRK":7.018274,"USDHTG":154.810279,"USDHUF":359.759756,"USDIDR":15274.85,"USDILS":3.64745,"USDIMP":0.820009,"USDINR":82.648502,"USDIQD":1459.504592,"USDIRR":42250.000274,"USDISK":138.479771,"USDJEP":0.820009,"USDJMD":151.022339,"USDJOD":0.709898,"USDJPY":132.865499,"USDKES":131.087821,"USDKGS":87.42005,"USDKHR":4057.815051,"USDKMF":461.740221,"USDKPW":900.009128,"USDKRW":1305.780172,"USDKWD":0.30648,"USDKYD":0.833271,"USDKZT":464.635594,"USDLAK":16893.80375,"USDLBP":15009.64839,"USDLKR":323.016977,"USDLRD":161.05051,"USDLSL":18.420417,"USDLTL":2.95274,"USDLVL":0.60489,"USDLYD":4.806568,"USDMAD":10.286202,"USDMDL":18.621393,"USDMGA":4299.98794,"USDMKD":57.209577,"USDMMK":2099.877542,"USDMNT":3529.648625,"USDMOP":8.081733,"USDMRO":356.999828,"USDMUR":46.489938,"USDMVR":15.402948,"USDMWK":1026.347528,"USDMXN":18.53711,"USDMYR":4.455014,"USDMZN":63.100507,"USDNAD":18.419762,"USDNGN":460.419887,"USDNIO":36.57111,"USDNOK":10.520665,"USDNPR":132.165321,"USDNZD":1.608225,"USDOMR":0.384959,"USDPAB":0.999981,"USDPEN":3.777901,"USDPGK":3.569871,"USDPHP":54.422497,"USDPKR":281.615905,"USDPLN":4.341769,"USDPYG":7198.12231,"USDQAR":3.641011,"USDRON":4.5612,"USDRSD":108.684982,"USDRUB":76.912978,"USDRWF":1095.824327,"USDSAR":3.756502,"USDSBD":8.200165,"USDSCR":13.066123,"USDSDG":593.498155,"USDSEK":10.323225,"USDSGD":1.333965,"USDSHP":1.21675,"USDSLE":20.905268,"USDSLL":19749.999841,"USDSOS":569.489445,"USDSRD":34.878498,"USDSTD":20697.981008,"USDSVC":8.749339,"USDSYP":2511.928512,"USDSZL":18.603163,"USDTHB":34.404497,"USDTJS":10.93979,"USDTMT":3.5,"USDTND":3.128997,"USDTOP":2.358904,"USDTRY":19.041976,"USDTTD":6.789992,"USDTWD":30.4725,"USDTZS":2339.999997,"USDUAH":36.930263,"USDUGX":3761.016792,"USDUYU":39.512014,"USDUZS":11378.60655,"USDVEF":2416368.058658,"USDVES":24.095671,"USDVND":23525,"USDVUV":118.905645,"USDWST":2.71655,"USDXAF":608.579486,"USDXAG":0.044583,"USDXAU":0.000515,"USDXCD":2.70255,"USDXDR":0.749228,"USDXOF":608.585132,"USDXPF":112.249845,"USDYER":250.297889,"USDZAR":18.44695,"USDZMK":9001.197116,"USDZMW":20.774654,"USDZWL":321.999592}}