{"success":true,"timestamp":1683793264,"source":"USD","quotes":{"USDAED":3.672075,"USDAFN":87.821918,"USDALL":100.87504,"USDAMD":387.158984,"USDANG":1.796101,"USDAOA":508.999472,"USDARS":228.522902,"USDAUD":1.486535,"USDAWG":1.8,"USDAZN":1.697402,"USDBAM":1.779148,"USDBBD":2.012007,"USDBDT":107.005431,"USDBGN":1.78709,"USDBHD":0.377048,"USDBIF":2082.290975,"USDBMD":1,"USDBND":1.323424,"USDBOB":6.886263,"USDBRL":4.944498,"USDBSD":0.996498,"USDBTC":0.000036456834,"USDBTN":81.74731,"USDBWP":13.31429,"USDBYN":2.515304,"USDBYR":19600,"USDBZD":2.008641,"USDCAD":1.34166,"USDCDF":2044.999954,"USDCHF":0.89446,"USDCLF":0.02858,"USDCLP":788.619782,"USDCNY":6.940798,"USDCOP":4549.75,"USDCRC":535.264312,"USDCUC":1,"USDCUP":26.5,"USDCVE":100.301103,"USDCZK":21.519503,"USDDJF":177.423023,"USDDKK":6.817098,"USDDOP":54.490663,"USDDZD":135.483989,"USDEGP":30.903802,"USDERN":15,"USDETB":54.250209,"USDEUR":0.91528,"USDFJD":2.20175,"USDFKP":0.792888,"USDGBP":0.79531,"USDGEL":2.550139,"USDGGP":0.792888,"USDGHS":11.804784,"USDGIP":0.792888,"USDGMD":59.809986,"USDGNF":8649.99976,"USDGTQ":7.773199,"USDGYD":210.772408,"USDHKD":7.836875,"USDHNL":24.670415,"USDHRK":6.816133,"USDHTG":146.997553,"USDHUF":339.703018,"USDIDR":14719.25,"USDILS":3.63987,"USDIMP":0.792888,"USDINR":82.122703,"USDIQD":1310,"USDIRR":42249.999988,"USDISK":137.220101,"USDJEP":0.792888,"USDJMD":153.811166,"USDJOD":0.709402,"USDJPY":134.672501,"USDKES":136.798965,"USDKGS":87.298478,"USDKHR":4120.000313,"USDKMF":448.149711,"USDKPW":899.944507,"USDKRW":1330.599605,"USDKWD":0.30663,"USDKYD":0.830445,"USDKZT":442.521991,"USDLAK":17559.999788,"USDLBP":15249.999922,"USDLKR":315.404557,"USDLRD":166.374995,"USDLSL":18.859783,"USDLTL":2.95274,"USDLVL":0.60489,"USDLYD":4.764986,"USDMAD":10.018921,"USDMDL":17.737754,"USDMGA":4409.999972,"USDMKD":56.387847,"USDMMK":2092.691136,"USDMNT":3484.258572,"USDMOP":8.039371,"USDMRO":356.999828,"USDMUR":45.783762,"USDMVR":15.350081,"USDMWK":1027.501218,"USDMXN":17.58597,"USDMYR":4.466501,"USDMZN":63.250267,"USDNAD":18.860209,"USDNGN":461.500097,"USDNIO":36.549867,"USDNOK":10.55869,"USDNPR":130.797711,"USDNZD":1.579665,"USDOMR":0.384534,"USDPAB":0.996552,"USDPEN":3.679648,"USDPGK":3.520607,"USDPHP":55.79855,"USDPKR":288.000265,"USDPLN":4.146006,"USDPYG":7157.866012,"USDQAR":3.640501,"USDRON":4.512225,"USDRSD":107.327768,"USDRUB":75.410007,"USDRWF":1120.5,"USDSAR":3.750446,"USDSBD":8.334636,"USDSCR":13.106187,"USDSDG":600.999639,"USDSEK":10.2857,"USDSGD":1.329245,"USDSHP":1.21675,"USDSLE":22.784359,"USDSLL":19749.999782,"USDSOS":569.000318,"USDSRD":37.875041,"USDSTD":20697.981008,"USDSVC":8.720174,"USDSYP":2512.474791,"USDSZL":18.710147,"USDTHB":33.765498,"USDTJS":10.882388,"USDTMT":3.5,"USDTND":3.050498,"USDTOP":2.340704,"USDTRY":19.562397,"USDTTD":6.764907,"USDTWD":30.748499,"USDTZS":2353.000249,"USDUAH":36.619029,"USDUGX":3704.20908,"USDUYU":38.57035,"USDUZS":11449.999686,"USDVEF":2508922.211308,"USDVES":25.147626,"USDVND":23467,"USDVUV":117.865163,"USDWST":2.700981,"USDXAF":596.720551,"USDXAG":0.040129,"USDXAU":0.000494,"USDXCD":2.70255,"USDXDR":0.738571,"USDXOF":597.503998,"USDXPF":109.050179,"USDYER":250.349774,"USDZAR":18.95878,"USDZMK":9001.201917,"USDZMW":18.160731,"USDZWL":321.999592}}