{"success":true,"timestamp":1701088083,"source":"USD","quotes":{"USDAED":3.672601,"USDAFN":69.609996,"USDALL":93.451544,"USDAMD":402.309463,"USDANG":1.802519,"USDAOA":831.999779,"USDARS":357.589697,"USDAUD":1.514693,"USDAWG":1.8,"USDAZN":1.696392,"USDBAM":1.785719,"USDBBD":2.019366,"USDBDT":110.267566,"USDBGN":1.785895,"USDBHD":0.376938,"USDBIF":2843.929897,"USDBMD":1,"USDBND":1.337326,"USDBOB":6.91094,"USDBRL":4.904102,"USDBSD":1.000142,"USDBTC":0.000027011818,"USDBTN":83.374117,"USDBWP":13.515759,"USDBYN":3.295062,"USDBYR":19600,"USDBZD":2.015987,"USDCAD":1.36337,"USDCDF":2659.999897,"USDCHF":0.88019,"USDCLF":0.031533,"USDCLP":870.139765,"USDCNY":7.09775,"USDCOP":4040.26,"USDCRC":530.571065,"USDCUC":1,"USDCUP":26.5,"USDCVE":100.676104,"USDCZK":22.240805,"USDDJF":178.078877,"USDDKK":6.80784,"USDDOP":56.818337,"USDDZD":133.9999,"USDEGP":30.901495,"USDERN":15,"USDETB":56.177572,"USDEUR":0.913115,"USDFJD":2.233197,"USDFKP":0.793391,"USDGBP":0.79139,"USDGEL":2.709668,"USDGGP":0.793391,"USDGHS":11.972024,"USDGIP":0.793391,"USDGMD":67.303721,"USDGNF":8591.684965,"USDGTQ":7.83569,"USDGYD":209.419112,"USDHKD":7.79045,"USDHNL":24.693105,"USDHRK":7.04157,"USDHTG":132.39047,"USDHUF":347.170367,"USDIDR":15488.7,"USDILS":3.726099,"USDIMP":0.793391,"USDINR":83.34975,"USDIQD":1310.209131,"USDIRR":42262.500068,"USDISK":137.4405,"USDJEP":0.793391,"USDJMD":155.242386,"USDJOD":0.709401,"USDJPY":148.960994,"USDKES":152.660055,"USDKGS":88.850207,"USDKHR":4114.110413,"USDKMF":450.250041,"USDKPW":900,"USDKRW":1299.549849,"USDKWD":0.3083,"USDKYD":0.833516,"USDKZT":459.495364,"USDLAK":20694.472343,"USDLBP":15032.504885,"USDLKR":329.314446,"USDLRD":188.125002,"USDLSL":18.829715,"USDLTL":2.95274,"USDLVL":0.60489,"USDLYD":4.811709,"USDMAD":10.077744,"USDMDL":17.84299,"USDMGA":4541.553295,"USDMKD":56.252254,"USDMMK":2100.251084,"USDMNT":3437.982756,"USDMOP":8.025146,"USDMRO":356.999828,"USDMUR":44.139665,"USDMVR":15.350171,"USDMWK":1683.679991,"USDMXN":17.074901,"USDMYR":4.681037,"USDMZN":63.24995,"USDNAD":18.829789,"USDNGN":789.497294,"USDNIO":36.603682,"USDNOK":10.67533,"USDNPR":133.395115,"USDNZD":1.64079,"USDOMR":0.384947,"USDPAB":1.000142,"USDPEN":3.735694,"USDPGK":3.778116,"USDPHP":55.503499,"USDPKR":282.04,"USDPLN":3.978186,"USDPYG":7454.884935,"USDQAR":3.640497,"USDRON":4.5385,"USDRSD":107.007108,"USDRUB":88.502481,"USDRWF":1238.073499,"USDSAR":3.750496,"USDSBD":8.492914,"USDSCR":13.466464,"USDSDG":601.000153,"USDSEK":10.427755,"USDSGD":1.337455,"USDSHP":1.21675,"USDSLE":22.549972,"USDSLL":19749.999764,"USDSOS":571.000412,"USDSRD":37.813532,"USDSTD":20697.981008,"USDSYP":13001.872173,"USDSZL":18.662491,"USDTHB":35.102501,"USDTJS":10.916503,"USDTMT":3.51,"USDTND":3.104498,"USDTOP":2.36765,"USDTRY":28.910539,"USDTTD":6.788497,"USDTWD":31.5685,"USDTZS":2504.999883,"USDUAH":36.263136,"USDUGX":3798.236924,"USDUYU":39.324535,"USDUZS":12311.400646,"USDVEF":3540198.299937,"USDVES":35.417171,"USDVND":24240,"USDVUV":119.389328,"USDWST":2.683111,"USDXAF":598.913485,"USDXAG":0.040476,"USDXAU":0.000497,"USDXCD":2.70255,"USDXDR":0.75143,"USDXOF":598.913485,"USDXPF":109.549587,"USDYER":250.29797,"USDZAR":18.66031,"USDZMK":9001.204116,"USDZMW":23.578824,"USDZWL":321.999592}}