{"success":true,"timestamp":1682879943,"source":"USD","quotes":{"USDAED":3.672304,"USDAFN":85.189345,"USDALL":99.860743,"USDAMD":383.720408,"USDANG":1.778536,"USDAOA":509.502255,"USDARS":219.087912,"USDAUD":1.513317,"USDAWG":1.8,"USDAZN":1.697564,"USDBAM":1.757154,"USDBBD":1.992543,"USDBDT":104.757199,"USDBGN":1.774455,"USDBHD":0.372041,"USDBIF":2055.253582,"USDBMD":1,"USDBND":1.319438,"USDBOB":6.909548,"USDBRL":4.986802,"USDBSD":0.986838,"USDBTC":0.000033697278,"USDBTN":80.726832,"USDBWP":13.070392,"USDBYN":2.490903,"USDBYR":19600,"USDBZD":1.989129,"USDCAD":1.36525,"USDCDF":2138.000438,"USDCHF":0.894429,"USDCLF":0.028731,"USDCLP":792.785589,"USDCNY":6.912197,"USDCOP":4699.85,"USDCRC":532.3211,"USDCUC":1,"USDCUP":26.5,"USDCVE":100.474978,"USDCZK":21.355898,"USDDJF":175.706392,"USDDKK":6.765598,"USDDOP":53.95984,"USDDZD":134.139527,"USDEGP":30.598805,"USDERN":15,"USDETB":53.454202,"USDEUR":0.8987,"USDFJD":2.22225,"USDFKP":0.795659,"USDGBP":0.79526,"USDGEL":2.489973,"USDGGP":0.795659,"USDGHS":11.797801,"USDGIP":0.795659,"USDGMD":59.949736,"USDGNF":8483.895602,"USDGTQ":7.70226,"USDGYD":211.48314,"USDHKD":7.84995,"USDHNL":24.262163,"USDHRK":6.816133,"USDHTG":151.969813,"USDHUF":338.67979,"USDIDR":14673.55,"USDILS":3.636279,"USDIMP":0.795659,"USDINR":81.745499,"USDIQD":1292.754144,"USDIRR":42250.000193,"USDISK":135.780297,"USDJEP":0.795659,"USDJMD":151.116302,"USDJOD":0.709401,"USDJPY":136.322025,"USDKES":132.437896,"USDKGS":87.519687,"USDKHR":4060.913706,"USDKMF":446.724955,"USDKPW":900,"USDKRW":1338.159547,"USDKWD":0.306498,"USDKYD":0.822425,"USDKZT":445.909887,"USDLAK":17045.056377,"USDLBP":14812.452271,"USDLKR":316.203225,"USDLRD":165.249711,"USDLSL":18.30348,"USDLTL":2.95274,"USDLVL":0.60489,"USDLYD":4.700597,"USDMAD":9.903778,"USDMDL":17.728763,"USDMGA":4338.529266,"USDMKD":55.35241,"USDMMK":2072.323795,"USDMNT":3481.26099,"USDMOP":7.979336,"USDMRO":356.999828,"USDMUR":44.94982,"USDMVR":15.360195,"USDMWK":1012.892503,"USDMXN":18.000498,"USDMYR":4.460499,"USDMZN":63.250052,"USDNAD":18.297444,"USDNGN":461.504446,"USDNIO":36.090023,"USDNOK":10.675565,"USDNPR":129.16311,"USDNZD":1.616684,"USDOMR":0.38502,"USDPAB":0.999936,"USDPEN":3.675127,"USDPGK":3.47873,"USDPHP":55.479749,"USDPKR":279.965949,"USDPLN":4.162526,"USDPYG":7150.622164,"USDQAR":3.640987,"USDRON":4.4742,"USDRSD":105.397781,"USDRUB":80.449783,"USDRWF":1108.934909,"USDSAR":3.750738,"USDSBD":8.335006,"USDSCR":13.969952,"USDSDG":599.497909,"USDSEK":10.2628,"USDSGD":1.335398,"USDSHP":1.21675,"USDSLE":22.240007,"USDSLL":19749.999689,"USDSOS":568.508796,"USDSRD":37.301938,"USDSTD":20697.981008,"USDSVC":8.634832,"USDSYP":2512.531395,"USDSZL":18.162706,"USDTHB":34.14498,"USDTJS":10.781187,"USDTMT":3.5,"USDTND":3.030059,"USDTOP":2.363401,"USDTRY":19.450199,"USDTTD":6.705898,"USDTWD":30.760702,"USDTZS":2319.033287,"USDUAH":36.433404,"USDUGX":3735.195317,"USDUYU":38.219307,"USDUZS":11240.285701,"USDVEF":2467385.101403,"USDVES":24.701562,"USDVND":23465,"USDVUV":118.498721,"USDWST":2.686003,"USDXAF":589.371547,"USDXAG":0.039923,"USDXAU":0.000502,"USDXCD":2.70255,"USDXDR":0.730425,"USDXOF":589.371547,"USDXPF":108.549817,"USDYER":250.349949,"USDZAR":18.349605,"USDZMK":9001.196439,"USDZMW":17.540991,"USDZWL":321.999592}}